Workbook

Sheet Total overview
A1: 46283
A2: Monthly | B2: 45923 | C2: 45953 | D2: 45984 | E2: 46014 | F2: 46045 | G2: 46076 | H2: 46104 | I2: 46135 | J2: 46165 | K2: 46196 | L2: 46226 | M2: 46257 | N2: 46288 | O2: 12 Months Total
A3: MS Total qty | B3: ='MS Monthly SOR'!B5 -> 2147 | C3: ='MS Monthly SOR'!C5 -> 1828 | D3: ='MS Monthly SOR'!D5 -> 1319 | E3: ='MS Monthly SOR'!E5 -> 1939 | F3: ='MS Monthly SOR'!F5 -> 1451 | G3: ='MS Monthly SOR'!G5 -> 1067 | H3: ='MS Monthly SOR'!H5 -> 1894 | I3: ='MS Monthly SOR'!I5 -> 1848 | ... N3: ='MS Monthly SOR'!N5 -> 1476 | O3: =SUM(C3:N3) -> 20282
A4: Other Total qty | B4: ='Others-Monthly SOR'!B20 -> 3218 | C4: ='Others-Monthly SOR'!C20 -> 2929 | D4: ='Others-Monthly SOR'!D20 -> 30208 | E4: ='Others-Monthly SOR'!E20 -> 20181 | F4: ='Others-Monthly SOR'!F20 -> 145 | G4: ='Others-Monthly SOR'!G20 -> 301602 | H4: ='Others-Monthly SOR'!H20 -> 13726 | I4: ='Others-Monthly SOR'!I20 -> 1062 | ... N4: ='Others-Monthly SOR'!N20 -> 8312 | O4: =SUM(C4:N4) -> 544310
A5: TOTAL QTY | B5: =SUM(B3:B4) -> 5365 | C5: =SUM(C3:C4) -> 4757 | D5: =SUM(D3:D4) -> 31527 | E5: =SUM(E3:E4) -> 22120 | F5: =SUM(F3:F4) -> 1596 | G5: =SUM(G3:G4) -> 302669 | H5: =SUM(H3:H4) -> 15620 | I5: =SUM(I3:I4) -> 2910 | ... N5: =SUM(N3:N4) -> 9788 | O5: =O3+O4 -> 564592
A6: MS Total sales | B6: ='MS Monthly SOR'!B6+'MS Monthly SOR'!B7 -> 623748 | C6: ='MS Monthly SOR'!C6+'MS Monthly SOR'!C7 -> 493212 | D6: ='MS Monthly SOR'!D6+'MS Monthly SOR'!D7 -> 444232 | E6: ='MS Monthly SOR'!E6+'MS Monthly SOR'!E7 -> 668529 | F6: ='MS Monthly SOR'!F6+'MS Monthly SOR'!F7 -> 543100 | G6: ='MS Monthly SOR'!G6+'MS Monthly SOR'!G7 -> 294201 | H6: ='MS Monthly SOR'!H6+'MS Monthly SOR'!H7 -> 661799 | I6: ='MS Monthly SOR'!I6+'MS Monthly SOR'!I7 -> 565350 | ... N6: ='MS Monthly SOR'!N6+'MS Monthly SOR'!N7 -> 702179 | O6: =SUM(C6:N6) -> 6835362 | P6: =O6+'Others-Monthly SOR'!P22+'Others-Monthly SOR'!P23+'Others-Monthly SOR'!P24+'Others-Monthly SOR'!P25+'Others-Monthly SOR'!P31 -> 7409296.7 | Q6: Non Storage Total
A7: Other Total sales | B7: ='Others-Monthly SOR'!B38 -> 1804339.4 | C7: ='Others-Monthly SOR'!C38 -> 342232.09 | D7: ='Others-Monthly SOR'!D38 -> 645961.61 | E7: ='Others-Monthly SOR'!E38 -> 879085.68 | F7: ='Others-Monthly SOR'!F38 -> 66795 | G7: ='Others-Monthly SOR'!G38 -> 15891055 | H7: ='Others-Monthly SOR'!H38 -> 8697793.5 | I7: ='Others-Monthly SOR'!I38 -> 82548 | ... N7: ='Others-Monthly SOR'!N38 -> 5297104 | O7: =SUM(C7:N7) -> 43353013 | P7: =O8-P6 -> 42779079 | Q7: Stotage Total
A8: TOTAL SALES | B8: =SUM(B6:B7) -> 2428087.4 | C8: =SUM(C6:C7) -> 835444.09 | D8: =SUM(D6:D7) -> 1090193.6 | E8: =SUM(E6:E7) -> 1547614.7 | F8: =SUM(F6:F7) -> 609895 | G8: =SUM(G6:G7) -> 16185256 | H8: =SUM(H6:H7) -> 9359592.5 | I8: =SUM(I6:I7) -> 647898 | ... N8: =SUM(N6:N7) -> 5999283 | O8: =O6+O7 -> 50188375

Sheet MS Monthly SOR
A1: ='Total overview'!A1 -> 46283
A2: Monthly | B2: 45925 | C2: 45955 | D2: 45986 | E2: 46016 | F2: 46047 | G2: 46078 | H2: 46106 | I2: 46137 | J2: 46167 | K2: 46198 | L2: 46228 | M2: 46259 | N2: 46290 | O2: Quarter to Date | P2: 12 Months Total
A3: SFT-MS QTY | B3: 2088 | C3: 1780 | D3: 1227 | E3: 1805 | F3: 1397 | G3: 1018 | H3: 1723 | I3: 1701 | J3: 712 | K3: 2983 | L3: 2395 | M3: 1209 | N3: 1447 | O3: =L3+M3+N3 -> 5051 | P3: =SUM(C3:N3) -> 19397
A4: CDR-MS QTY | B4: 59 | C4: 48 | D4: 92 | E4: 134 | F4: 54 | G4: 49 | H4: 171 | I4: 147 | J4: 26 | K4: 25 | L4: 69 | M4: 41 | N4: 29 | O4: =L4+M4+N4 -> 139 | P4: =SUM(C4:N4) -> 885
A5: Total qty | B5: =B3+B4 -> 2147 | C5: =C3+C4 -> 1828 | D5: =D3+D4 -> 1319 | E5: =E3+E4 -> 1939 | F5: =F3+F4 -> 1451 | G5: =G3+G4 -> 1067 | H5: =H3+H4 -> 1894 | I5: =I3+I4 -> 1848 | ... P5: =P3+P4 -> 20282
A6: SFT-MS sales ($) | B6: 622450 | C6: 492156 | D6: 442208 | E6: 665581 | F6: 541912 | G6: 293123 | H6: 658037 | I6: 562116 | J6: 404675 | K6: 812531 | L6: 699516 | M6: 542496 | N6: 701541 | O6: =L6+M6+N6 -> 1943553 | P6: =SUM(C6:N6) -> 6815892
A7: CDR-MS sales ($) | B7: =B4*22 -> 1298 | C7: =C4*22 -> 1056 | D7: =D4*22 -> 2024 | E7: =E4*22 -> 2948 | F7: =F4*22 -> 1188 | G7: =G4*22 -> 1078 | H7: =H4*22 -> 3762 | I7: =I4*22 -> 3234 | ... N7: =N4*22 -> 638 | O7: =L7+M7+N7 -> 3058 | P7: =SUM(C7:N7) -> 19470
A8: Total sales | B8: =B6+B7 -> 623748 | C8: =C6+C7 -> 493212 | D8: =D6+D7 -> 444232 | E8: =E6+E7 -> 668529 | F8: =F6+F7 -> 543100 | G8: =G6+G7 -> 294201 | H8: =H6+H7 -> 661799 | I8: =I6+I7 -> 565350 | ... P8: =P6+P7 -> 6835362

Sheet Others-Monthly SOR
A1: ='MS Monthly SOR'!A1 -> 46283
A2: Monthly | B2: 45923 | C2: 45953 | D2: 45984 | E2: 46014 | F2: 46045 | G2: 46076 | H2: 46104 | I2: 46135 | J2: 46165 | K2: 46196 | L2: 46226 | M2: 46257 | N2: 46288 | O2: Quarter to Date | P2: 12 Months Total
A3: WK qty - SFT-WK + SVC-WK | B3: 2498 | C3: =1301+1200 -> 2501 | D3: =750+8211+263+1435+18000 -> 28659 | E3: 0 | F3: 0 | G3: =1245+2609+1100+104 -> 5058 | H3: =2001+554 -> 2555 | I3: 1000 | J3: =8211+968+174+2130+933+50136+2172 -> 64724 | K3: 2517 | L3: 1086 | M3: =887+484 -> 1371 | N3: 0 | O3: =L3+M3+N3 -> 2457 | P3: =SUM(C3:N3) -> 109471
A4: SUSE - SFT-SS + SVC-SS | B4: 0 | C4: 0 | D4: 1 | E4: 0 | F4: 0 | G4: 0 | H4: 54 | I4: 0 | J4: 0 | K4: 0 | L4: 0 | M4: 0 | N4: 0 | O4: =L4+M4+N4 -> 0 | P4: =SUM(C4:N4) -> 55
A5: CNC - SFT-CNC + SVC-CNC | B5: 0 | C5: 6 | D5: 0 | E5: 8 | F5: 0 | G5: 0 | H5: 5 | I5: 0 | J5: 16 | K5: 33 | L5: 0 | M5: 0 | N5: 9 | O5: =L5+M5+N5 -> 9 | P5: =SUM(C5:N5) -> 77
A6: RedHat - SFT-RH + SVC-RH | B6: 6 | C6: 0 | D6: 0 | E6: 0 | F6: 0 | G6: 0 | H6: 0 | I6: 0 | J6: 0 | K6: 1 | L6: 0 | M6: 0 | N6: 0 | O6: =L6+M6+N6 -> 0 | P6: =SUM(C6:N6) -> 1
A7: CTERA - SFT-CTERA + SVC-CTERA | B7: 0 | C7: 0 | D7: 0 | E7: 56 | F7: 0 | G7: 0 | H7: 542 | I7: 0 | J7: 0 | K7: 0 | L7: 0 | M7: 0 | N7: 0 | O7: =L7+M7+N7 -> 0 | P7: =SUM(C7:N7) -> 598
A8: DDN Appliance | B8: 1 | C8: 0 | D8: 0 | E8: 1 | F8: 0 | G8: 1 | H8: 2 | I8: 0 | J8: 0 | K8: 15 | L8: 0 | M8: 0 | N8: 0 | O8: =L8+M8+N8 -> 0 | P8: =SUM(C8:N8) -> 19
A9: OSnexus - SFT-ON + SVC-ON | B9: 604 | C9: 392 | D9: 0 | E9: 201 | F9: 0 | G9: 3446 | H9: 0 | I9: 0 | J9: 0 | K9: =369+925 -> 1294 | L9: 0 | M9: 101 | N9: 0 | O9: =L9+M9+N9 -> 101 | P9: =SUM(C9:N9) -> 5434
A10: Scality - SFT-SCAL + SVC-SCAL | B10: 0 | C10: 0 | D10: 0 | E10: =64+148+261 -> 473 | F10: 0 | G10: 0 | H10: 462 | I10: 0 | J10: 0 | K10: 0 | L10: 0 | M10: 0 | N10: 0 | O10: =L10+M10+N10 -> 0 | P10: =SUM(C10:N10) -> 935
A11: Quantum - SFT-QT + SVC-QT | B11: 0 | C11: 0 | D11: 1437 | E11: 0 | F11: 0 | G11: 0 | H11: 0 | I11: 0 | J11: 0 | K11: 0 | L11: 7352 | M11: 0 | N11: 0 | O11: =L11+M11+N11 -> 7352 | P11: =SUM(C11:N11) -> 8789
A12: Qumulo QTY - SFT-QLO + SVC-QLO | B12: 0 | C12: 0 | D12: 0 | E12: =1153+7296+10944 -> 19393 | F12: 0 | G12: 250 | H12: 0 | I12: 0 | J12: 0 | K12: 3313 | L12: 0 | M12: 0 | N12: 720 | O12: =L12+M12+N12 -> 720 | P12: =SUM(C12:N12) -> 23676
A13: PICA8 - SFT-PIC + SVC-PIC | B13: 0 | C13: 0 | D13: 4 | E13: 0 | F13: 0 | G13: 0 | H13: 0 | I13: 0 | J13: 0 | K13: 2 | L13: 0 | M13: 0 | N13: 0 | O13: =L13+M13+N13 -> 0 | P13: =SUM(C13:N13) -> 6
A14: GRAID - SFT-GRD | B14: 109 | C14: 30 | D14: 107 | E14: 6 | F14: 6 | G14: 47 | H14: 17 | I14: 12 | J14: 10 | K14: 7 | L14: 0 | M14: 4 | N14: 2 | O14: =L14+M14+N14 -> 6 | P14: =SUM(C14:N14) -> 248
A15: VastData - SFT-VAST + SVC-VAST | B15: 0 | C15: 0 | D15: 0 | E15: 43 | F15: 0 | G15: 292800 | H15: 73 | I15: 0 | J15: 0 | K15: 2003 | L15: 43158 | M15: 17601 | N15: 7581 | O15: =L15+M15+N15 -> 68340 | P15: =SUM(C15:N15) -> 363259
A16: Hammerspace - SFT-HS + SVC-HS | B16: 0 | C16: 0 | D16: 0 | E16: 0 | F16: 139 | G16: 0 | H16: 10002 | I16: 0 | J16: 0 | K16: 21400 | L16: 0 | M16: 0 | N16: 0 | O16: =L16+M16+N16 -> 0 | P16: =SUM(C16:N16) -> 31541
A17: SteelDome - SFT-SD- | B17: 0 | C17: 0 | D17: 0 | E17: 0 | F17: 0 | G17: 0 | H17: 0 | I17: 0 | J17: 0 | K17: 0 | L17: 0 | M17: 0 | N17: 0 | O17: =L17+M17+N17 -> 0 | P17: =SUM(C17:N17) -> 0
A18: Monitize360 - SFT-M360 | B18: 0 | C18: 0 | D18: 0 | E18: 0 | F18: 0 | G18: 0 | H18: 0 | I18: 0 | J18: 9 | K18: 0 | L18: 0 | M18: 0 | N18: 0 | O18: =L18+M18+N18 -> 0 | P18: =SUM(C18:N18) -> 9
A19: Xinnor - SFT-XNR + SVC-XNR | B19: 0 | C19: 0 | D19: 0 | E19: 0 | F19: 0 | G19: 0 | H19: 14 | I19: 50 | J19: 128 | K19: 0 | L19: 0 | M19: 0 | N19: 0 | O19: =L19+M19+N19 -> 0 | P19: =SUM(C19:N19) -> 192
A20: Total qty | B20: =SUM(B3:B19) -> 3218 | C20: =SUM(C3:C19) -> 2929 | D20: =SUM(D3:D19) -> 30208 | E20: =SUM(E3:E19) -> 20181 | F20: =SUM(F3:F19) -> 145 | G20: =SUM(G3:G19) -> 301602 | H20: =SUM(H3:H19) -> 13726 | I20: =SUM(I3:I19) -> 1062 | ... P20: =SUM(P3:P19) -> 544310
A21: WK Sales - SFT-WK + SVC-WK ($) | B21: 102697.3 | C21: =39060+148977.29+14116 -> 202153.29 | D21: =80107.5+49430.22+83990.55+43200 -> 256728.27 | E21: 0 | F21: 0 | G21: =84946.35+114796+10538+11440 -> 221720.35 | H21: =472880+337066.5 -> 809946.5 | I21: 28750 | J21: =49430.22+153912+101920+603194.25+100764+1102992+119460 -> 2231672.5 | K21: 977298 | L21: 124890 | M21: =60752+55660 -> 116412 | N21: 0 | O21: =L21+M21+N21 -> 241302 | P21: =SUM(C21:N21) -> 4969570.9
A22: SS Sales - SFT-SS + SVC-SS ($) | B22: 0 | C22: 0 | D22: 1856 | E22: 0 | F22: 0 | G22: 0 | H22: 15835 | I22: 0 | J22: 0 | K22: 0 | L22: 0 | M22: 0 | N22: 0 | O22: =L22+M22+N22 -> 0 | P22: =SUM(C22:N22) -> 17691
A23: CNC Sales - SVC-CNC ($) | B23: 0 | C23: 22434 | D23: 0 | E23: 8300 | F23: 0 | G23: 0 | H23: 86933 | I23: 0 | J23: 52346 | K23: 104696 | L23: 0 | M23: 0 | N23: 2669 | O23: =L23+M23+N23 -> 2669 | P23: =SUM(C23:N23) -> 277378
A24: RedHat Sales - SFT-RH + SVC-RH ($) | B24: 6510 | C24: 0 | D24: 0 | E24: 0 | F24: 0 | G24: 0 | H24: 0 | I24: 0 | J24: 0 | K24: 1207.7 | L24: 0 | M24: 0 | N24: 0 | O24: =L24+M24+N24 -> 0 | P24: =SUM(C24:N24) -> 1207.7
A25: CTERA - SFT-CTERA + SVC-CTERA ($) | B25: 0 | C25: 0 | D25: 0 | E25: 25450 | F25: 0 | G25: 0 | H25: 246950 | I25: 0 | J25: 0 | K25: 0 | L25: 0 | M25: 0 | N25: 0 | O25: =L25+M25+N25 -> 0 | P25: =SUM(C25:N25) -> 272400
A26: DDN Appliance ($) | B26: 1349020 | C26: 0 | D26: 0 | E26: 483586 | F26: 0 | G26: 682600 | H26: =5599694.41+487300 -> 6086994.4 | I26: 0 | J26: 0 | K26: 288133 | L26: 0 | M26: 0 | N26: 0 | O26: =L26+M26+N26 -> 0 | P26: =SUM(C26:N26) -> 7541313.4
A27: OSnexus Sales - SFT-ON + SVC-ON ($) | B27: 12092.08 | C27: 25244.8 | D27: 0 | E27: 28472 | F27: 0 | G27: 126214.1 | H27: 0 | I27: 0 | J27: 0 | K27: =20531.16+60024.22 -> 80555.38 | L27: 0 | M27: 12972 | N27: 0 | O27: =L27+M27+N27 -> 12972 | P27: =SUM(C27:N27) -> 273458.28
A28: Scality - SFT-SCAL + SVC-SCAL ($) | B28: 0 | C28: 0 | D28: 0 | E28: =9011.2+22400.28+38021.4 -> 69432.88 | F28: 0 | G28: 0 | H28: 92723.4 | I28: 0 | J28: 0 | K28: 0 | L28: 0 | M28: 0 | N28: 0 | O28: =L28+M28+N28 -> 0 | P28: =SUM(C28:N28) -> 162156.28
A29: Quantum Sales - SFT-QT + SVC-QT ($) | B29: 0 | C29: 0 | D29: 55409.34 | E29: 0 | F29: 0 | G29: 0 | H29: 0 | I29: 0 | J29: 0 | K29: 0 | L29: 288123.58 | M29: 0 | N29: 0 | O29: =L29+M29+N29 -> 288123.58 | P29: =SUM(C29:N29) -> 343532.92
A30: Qumulo Sales - SFT-QLO + SVC-QLO ($) | B30: 0 | C30: 0 | D30: 0 | E30: =98206.56+14446.08+22052.16 -> 134704.8 | F30: 0 | G30: =15411.26+15411.26 -> 30822.52 | H30: 0 | I30: 0 | J30: 0 | K30: 228329.28 | L30: 0 | M30: 0 | N30: 17028 | O30: =L30+M30+N30 -> 17028 | P30: =SUM(C30:N30) -> 410884.6
A31: PICA8 - SFT-PIC + SVC-PIC ($) | B31: 0 | C31: 0 | D31: 3258 | E31: 0 | F31: 0 | G31: 0 | H31: 0 | I31: 0 | J31: 0 | K31: 2000 | L31: 0 | M31: 0 | N31: 0 | O31: =L31+M31+N31 -> 0 | P31: =SUM(C31:N31) -> 5258
A32: GRAID - SFT-GRD ($) | B32: 334020 | C32: 92400 | D32: 328710 | E32: 18480 | F32: 33080 | G32: 144760 | H32: 49742 | I32: 36960 | J32: 30800 | K32: 21560 | L32: 0 | M32: 12320 | N32: 6160 | O32: =L32+M32+N32 -> 18480 | P32: =SUM(C32:N32) -> 774972
A33: VastData - SFT-VAST + SVC-VAST ($) | B33: 0 | C33: 0 | D33: 0 | E33: 110660 | F33: 0 | G33: 14684938 | H33: 1179908 | I33: 0 | J33: 0 | K33: 554068 | L33: 674644 | M33: 3421680 | N33: 5271247 | O33: =L33+M33+N33 -> 9367571 | P33: =SUM(C33:N33) -> 25897145
A34: Hammerspace - SFT-HS + SVC-HS ($) | B34: 0 | C34: 0 | D34: 0 | E34: 0 | F34: 33715 | G34: 0 | H34: 99270.2 | I34: 0 | J34: 0 | K34: 2163326 | L34: 0 | M34: 0 | N34: 0 | O34: =L34+M34+N34 -> 0 | P34: =SUM(C34:N34) -> 2296311.2
A35: SteelDome - SFT-SD- | B35: 0 | C35: 0 | D35: 0 | E35: 0 | F35: 0 | G35: 0 | H35: 0 | I35: 0 | J35: 0 | K35: 0 | L35: 0 | M35: 0 | N35: 0 | O35: =L35+M35+N35 -> 0 | P35: =SUM(C35:N35) -> 0
A36: Monitize360 - SFT-M360 | B36: 0 | C36: 0 | D36: 0 | E36: 0 | F36: 0 | G36: 0 | H36: 0 | I36: 0 | J36: 52346 | K36: 0 | L36: 0 | M36: 0 | N36: 0 | O36: =L36+M36+N36 -> 0 | P36: =SUM(C36:N36) -> 52346
A37: Xinnor - SFT-XNR + SVC-XNR | B37: 0 | C37: 0 | D37: 0 | E37: 0 | F37: 0 | G37: 0 | H37: 29491 | I37: 16838 | J37: 11059 | K37: 0 | L37: 0 | M37: 0 | N37: 0 | O37: =L37+M37+N37 -> 0 | P37: =SUM(C37:N37) -> 57388
A38: Total sales | B38: =SUM(B21:B37) -> 1804339.4 | C38: =SUM(C21:C37) -> 342232.09 | D38: =SUM(D21:D37) -> 645961.61 | E38: =SUM(E21:E37) -> 879085.68 | F38: =SUM(F21:F37) -> 66795 | G38: =SUM(G21:G37) -> 15891055 | H38: =SUM(H21:H37) -> 8697793.5 | I38: =SUM(I21:I37) -> 82548 | ... P38: =SUM(P21:P37) -> 43353013

Sheet 2026 Goal
A1: SW Category | B1: Operating System (OS) and Resell Only SW | E1: Software Defined Storage | K1: Edge Cloud Solution | L1: Others | M1: Appliance | N1: Total
A2: Solution Team | B2: Purchasing/System/Product Office PM Team | E2: Arch Team | K2: Arch | M2: System Team
A3: SW Vendor | B3: Microsoft (OS) | C3: Red Hat (RHEL) | D3: SUSE, Canonical, and Others | E3: WekaIO | F3: OSNexus | G3: Quantum AS/ Cloudian | H3: Qumulo | I3: VastData | J3: GRAID | K3: CTERA | M3: DDN
A4: SW Validation and Tech Support | B4: Vinh Nguyen | C4: Damien Zhao | E4: William Li/Sherry Lin/Junxia Zhou/Ben Lee/Tien Lee/Allen Liu | M4: Vince Chen/Michael Ang/Claude Chen
A5: Solution Owner | B5: Jane Hu/Stanley Huang/Michael Lee | E5: William/Sherry/Junxia/Michael/Stanley/Jane/Ben/Tien/Allen | K5: Michael Lee | M5: Michael Lee
A6: 2026 Sales Goal | B6: 6000000 | C6: 500000 | D6: 200000 | E6: 15000000 | F6: 1000000 | G6: 1000000 | H6: 2000000 | I6: 10500000 | J6: 1000000 | K6: 500000 | L6: 300000 | M6: 2000000 | N6: =SUM(B6:M6) -> 40000000
A7: 2026 Q3 Target | B7: =B6/4 -> 1500000 | C7: =C6/4 -> 125000 | D7: =D6/4 -> 50000 | E7: =E6/4 -> 3750000 | F7: =F6/4 -> 250000 | G7: =G6/4 -> 250000 | H7: =H6/4 -> 500000 | I7: =I6/4 -> 2625000 | ... L7: =L6/4 -> 75000 | M7: 500000 | N7: =SUM(B7:L7) -> 9500000
A8: 2026 Q3 to Date Sold | B8: ='MS Monthly SOR'!O8 -> 1946611 | C8: ='Others-Monthly SOR'!O24 -> 0 | D8: ='Others-Monthly SOR'!O22+'Others-Monthly SOR'!O23 -> 2669 | E8: ='Others-Monthly SOR'!O21 -> 241302 | F8: ='Others-Monthly SOR'!O27 -> 12972 | G8: ='Others-Monthly SOR'!O29 -> 288123.58 | H8: ='Others-Monthly SOR'!O30 -> 17028 | I8: ='Others-Monthly SOR'!O33 -> 9367571 | J8: ='Others-Monthly SOR'!O32 -> 18480 | K8: ='Others-Monthly SOR'!O25 -> 0 | L8: ='Others-Monthly SOR'!O31 -> 0 | M8: ='Others-Monthly SOR'!O26 -> 0 | N8: =SUM(B8:L8) -> 11894757
A9: 2026 Total | B9: ='MS Monthly SOR'!P8 -> 6835362 | C9: ='Others-Monthly SOR'!P24 -> 1207.7 | D9: ='Others-Monthly SOR'!P22+'Others-Monthly SOR'!P23 -> 295069 | E9: ='Others-Monthly SOR'!P21 -> 4969570.9 | F9: ='Others-Monthly SOR'!P27 -> 273458.28 | G9: ='Others-Monthly SOR'!P29 -> 343532.92 | H9: ='Others-Monthly SOR'!P30 -> 410884.6 | I9: ='Others-Monthly SOR'!P33 -> 25897145 | J9: ='Others-Monthly SOR'!P32 -> 774972 | K9: ='Others-Monthly SOR'!O25 -> 0 | L9: ='Others-Monthly SOR'!P31+'Others-Monthly SOR'!P28 -> 167414.28 | M9: ='Others-Monthly SOR'!P26 -> 7541313.4 | N9: =SUM(B9:M9) -> 47509930
A10: 2026 Q3 Achieved Rate | B10: =B8/B7 -> 1.2977407 | C10: =C8/C7 -> 0 | D10: =D8/D7 -> 0.05338 | E10: =E8/E7 -> 0.0643472 | F10: =F8/F7 -> 0.051888 | G10: =G8/G7 -> 1.1524943 | H10: =H8/H7 -> 0.034056 | I10: =I8/I7 -> 3.5685985 | ... N10: =N8/N7 -> 1.2520796
